ImageId,EncodedPixels
00a1aab5b.jpg,349796 2 350564 4 351332 6 352099 9 352867 9 353635 8 354402 9 355170 9 355938 8 356705 9 357473 9 358240 9 359008 9 359776 9 360543 9 361311 9 362079 9 362846 9 363614 9 364382 9 365149 9 365917 9 366685 9 367452 9 368220 9 368987 10 369755 9 370523 9 371290 10 372058 9 372825 10 373595 8 374366 4 375136 2
00a1aab5b.jpg,348252 2 349020 4 349787 7 350555 9 351323 8 352090 9 352858 9 353626 8 354393 9 355161 8 355929 8 356696 9 357464 8 358232 8 358999 9 359767 8 360534 9 361302 9 362070 8 362837 9 363605 8 364373 8 365140 9 365908 8 366676 8 367443 9 368211 8 368979 8 369746 8 370514 8 371284 6 372056 1
0a00a69de.jpg,
0a0a623a0.jpg,
0a0ada7e3.jpg,
0a0aeea56.jpg,
0a0df8299.jpg,140972 1 141738 4 142505 5 143271 8 144038 9 144805 11 145571 14 146338 15 147104 18 147871 19 148640 19 149408 19 150177 19 150946 19 151714 19 152483 19 153252 18 154020 19 154789 19 155558 18 156326 19 157095 18 157864 18 158632 18 159401 18 160170 18 160939 17 161707 18 162476 17 163245 17 164013 18 164782 17 165551 17 166319 17 167088 17 167857 16 168625 17 169394 17 170163 16 170931 17 171700 16 172469 16 173237 17 174006 16 174775 16 175543 16 176312 16 177081 15 177849 16 178618 16 179387 15 180155 16 180924 15 181693 15 182461 16 183230 15 183999 15 184767 15 185536 15 186305 14 187074 14 187842 15 188611 14 189380 14 190148 14 190917 14 191686 14 192454 14 193223 14 193992 11 194760 10 195529 8 196298 5 197066 4 197835 1
0a0df8299.jpg,72605 1 73371 4 74137 6 74903 9 75669 11 76436 13 77202 16 77968 18 78734 21 79500 23 80267 25 81033 27 81799 30 82565 33 83331 35 84098 37 84867 36 85635 37 86404 37 87172 37 87941 37 88709 37 89478 37 90247 36 91015 37 91784 37 92552 37 93321 37 94090 36 94858 37 95627 37 96395 37 97164 37 97932 37 98701 37 99470 37 100238 37 101007 37 101775 37 102544 37 103313 36 104081 37 104850 37 105618 37 106387 37 107155 37 107924 37 108693 37 109461 37 110230 37 110998 37 111767 37 112536 36 113304 37 114073 37 114841 37 115610 37 116378 37 117147 37 117916 37 118684 37 119453 37 120221 37 120990 37 121759 37 122527 37 123296 37 124064 37 124833 37 125601 37 126370 37 127139 37 127907 37 128676 37 129444 37 130213 37 130982 37 131750 37 132519 37 133287 37 134056 37 134824 37 135593 37 136362 37 137130 37 137899 37 138667 37 139436 37 140204 38 140973 37 141742 37 142510 37 143279 37 144048 37 144816 37 145585 37 146354 36 147122 37 147891 36 148660 36 149428 37 150197 36 150966 36 151734 36 152503 36 153272 36 154041 35 154809 36 155578 35 156347 35 157115 35 157884 35 158653 35 159421 35 160190 35 160959 34 161727 35 162496 35 163265 34 164033 34 164802 34 165571 33 166339 34 167108 33 167877 33 168645 33 169414 32 170183 32 170951 32 171720 32 172489 31 173257 32 174026 31 174795 30 175563 31 176332 30 177101 30 177869 30 178638 30 179407 29 180176 28 180944 29 181713 28 182482 28 183250 28 184019 28 184788 27 184817 1 185556 28 186325 25 187094 23 187862 21 188631 18 189400 16 190168 14 190937 11 191704 10 192470 11 193237 10 194005 8 194774 6 195542 4 196311 1
0a1a2b14e.jpg,34447 4 35215 7 35983 7 36750 7 37518 7 38286 7 39054 7 39822 7 40589 8 41357 7 42125 7 42893 7 43661 7 44428 8 45196 7 45964 7 46732 7 47500 7 48267 8 49035 7 49803 7 50571 7 51339 7 52106 8 52874 8 53642 7 54410 7 55177 8 55945 8 56713 8 57481 7 58249 7 59016 8 59784 8 60552 8 61320 7 62088 7 62855 8 63623 8 64391 7 65159 7 65927 7 66694 8 67462 7 68230 7 69002 3
0a1a2b14e.jpg,34454 4 35223 7 35991 7 36759 7 37526 7 38294 7 39062 7 39830 7 40597 8 41365 8 42133 7 42901 7 43669 7 44436 8 45204 8 45972 7 46740 7 47507 8 48275 8 49043 8 49811 7 50578 8 51346 8 52114 8 52882 8 53650 8 54417 8 55185 8 55953 8 56721 8 57488 9 58256 8 59024 8 59792 8 60560 8 61327 9 62095 8 62863 8 63631 8 64399 8 65167 8 65934 9 66702 8 67470 8 68242 4
0a1a2b14e.jpg,122487 2 123255 4 124022 8 124790 10 125558 12 126325 13 127093 12 127861 12 128628 13 129396 12 130163 13 130931 13 131699 12 132466 13 133234 13 134002 12 134769 13 135537 13 136305 12 137072 13 137840 13 138608 12 139375 13 140143 13 140911 12 141678 13 142446 13 143214 12 143981 13 144749 13 145516 13 146284 13 147052 13 147819 13 148587 13 149355 13 150122 13 150890 13 151658 13 152425 13 153193 13 153961 13 154728 13 155496 13 156264 13 157031 13 157799 13 158566 14 159334 13 160102 13 160869 14 161637 13 162405 13 163172 14 163940 13 164710 11 165481 8 166251 5 167022 2
0a1a2b14e.jpg,270999 2 271767 6 272535 10 273302 13 274070 13 274838 12 275606 12 276373 13 277141 13 277909 12 278677 12 279444 13 280212 13 280980 12 281748 12 282515 13 283283 13 284051 12 284819 12 285586 13 286354 12 287122 12 287890 12 288657 13 289425 12 290193 12 290961 12 291728 13 292496 12 293264 12 294032 12 294799 13 295567 12 296335 12 297103 12 297870 13 298638 12 299406 12 300174 12 300941 12 301709 12 302477 12 303245 12 304012 12 304780 12 305548 12 306316 12 307083 12 307851 12 308619 12 309387 12 310154 12 310922 12 311690 12 312458 11 313225 12 313993 12 314761 12 315529 11 316296 12 317064 12 317832 12 318600 11 319367 12 320135 12 320903 12 321674 8 322447 3
0a1a7f395.jpg,273463 1 274229 4 274996 5 275763 7 276529 10 277296 11 278062 14 278829 16 279596 17 280362 20 281129 22 281898 21 282666 22 283435 22 284204 22 284972 22 285741 22 286510 22 287278 22 288047 22 288816 22 289584 22 290353 22 291122 22 291890 22 292659 22 293428 22 294196 22 294965 22 295734 22 296502 22 297271 22 298040 22 298808 22 299577 22 300346 22 301115 21 301883 22 302652 22 303421 22 304189 22 304958 22 305727 22 306495 22 307264 22 308033 22 308801 22 309570 22 310339 22 311107 22 311876 22 312645 20 313413 18 314182 15 314951 13 315719 11 316488 8 317257 6 318025 4 318794 1
0a1a7f395.jpg,291092 1 291859 3 292626 5 293393 7 294160 9 294926 12 295693 14 296460 16 297227 18 297994 20 298761 22 299528 23 300297 23 301066 23 301835 23 302604 23 303373 23 304142 23 304911 23 305680 23 306449 23 307218 23 307986 24 308755 24 309524 24 310293 24 311062 24 311831 24 312600 24 313369 24 314138 24 314907 24 315676 23 316445 23 317214 23 317983 23 318752 23 319521 23 320290 23 321059 23 321828 23 322597 23 323366 23 324134 22 324903 20 325672 18 326441 16 327210 14 327979 11 328748 9 329517 7 330286 5 331055 3 331824 1
0a1a7f395.jpg,280782 1 281549 3 282315 5 283082 7 283849 9 284616 11 285382 13 286150 14 286918 15 287685 15 288451 16 289218 15 289984 16 290751 16 291517 17 292283 17 293050 17 293816 18 294583 17 295350 17 296116 18 296883 18 297650 17 298417 17 299183 18 299950 18 300717 17 301486 15 302254 14 303023 11 303792 9 304561 7 305329 6 306098 3 306867 1
0a1a7f395.jpg,232538 1 233305 5 234073 8 234840 12 235608 15 236375 20 237143 23 237913 20 238685 16 239456 13 240227 10 240999 5 241770 2
0a1a7f395.jpg,137083 5 137841 15 138599 25 139357 35 140115 45 140878 50 141646 50 142414 51 143182 51 143950 51 144718 51 145487 50 146255 44 147023 34 147791 23 148559 13 149327 7
0a1a7f395.jpg,230269 1 231036 6 231804 10 232572 14 233339 19 234107 21 234875 21 235642 22 236410 21 237180 19 237952 15 238724 11 239496 6 240268 2
0a1a7f395.jpg,28835 2 29602 3 30368 6 31135 8 31901 11 32668 12 33437 12 34205 13 34974 12 35742 13 36511 13 37279 14 38048 13 38816 14 39585 13 40353 14 41122 13 41890 14 42659 13 43427 14 44196 13 44964 14 45733 14 46502 13 47270 14 48039 13 48807 14 49576 13 50344 14 51113 13 51881 14 52650 13 53418 14 54187 11 54955 9 55724 6 56492 4 57261 1
0a1a7f395.jpg,156291 7 157059 7 157821 13 158578 24 159314 5 159336 34 160075 12 160093 45 160843 63 161611 64 162379 64 163147 64 163915 64 164683 64 165452 63 166220 57 166988 47 167756 37 168524 26 169292 16 170060 6
0a1a7f395.jpg,179913 1 180680 3 181447 5 182213 7 182980 9 183747 11 184514 13 185281 15 186047 17 186814 19 187581 21 188348 23 189117 22 189886 22 190654 23 191423 23 192192 23 192961 22 193730 22 194498 23 195267 23 196036 23 196805 22 197573 23 198342 23 199111 23 199880 23 200649 22 201417 23 202186 23 202955 23 203724 23 204493 22 205261 23 206030 23 206799 23 207568 22 208337 22 209105 23 209874 23 210643 23 211412 22 212181 22 212949 23 213718 23 214487 23 215256 22 216024 23 216793 23 217562 21 218331 19 219100 17 219868 15 220637 13 221406 11 222175 9 222944 7 223712 5 224481 3 225250 1
0a1a7f395.jpg,173423 2 174189 5 174957 5 175726 5 176494 5 177263 5 178031 6 178800 5 179568 6 180337 5 181105 6 181874 3 182642 1
0a1a7f395.jpg,147066 7 147822 19 148578 31 149334 44 150102 44 150870 44 151638 44 152406 44 153174 44 153942 44 154710 45 155479 44 156247 44 157015 32 157783 19 158551 7
0a1a7f395.jpg,23468 1 24234 4 25001 5 25768 7 26534 10 27301 12 28068 1 28070 11 28839 11 29607 12 30376 11 31144 12 31913 12 32681 13 33450 12 34218 13 34987 13 35755 13 36524 13 37293 13 38061 14 38830 13 39599 13 40367 12 41136 9 41905 7 42674 5 43442 3 44211 1
0a1a7f395.jpg,210236 2 211004 5 211771 9 212539 12 213307 15 214075 19 214842 23 215610 26 216378 29 217145 33 217913 36 218681 39 219448 43 220216 46 220984 49 221752 52 222519 57 223287 60 224057 61 224828 61 225599 61 226370 60 227141 57 227913 52 228684 49 229455 46 230226 41 230997 38 231768 2 231772 31 232543 27 233314 24 234086 20 234857 17 235628 13 236398 11 237166 12 237937 9 238708 5 239479 2
0a1a7f395.jpg,284612 1 285378 3 286144 5 286911 5 287677 5 288443 6 289210 6 289979 4 290747 2
0a1a58833.jpg,94567 1 95334 3 96101 6 96869 7 97636 9 98403 12 99170 14 99937 16 100705 15 101472 15 102239 16 103006 16 103773 16 104541 15 105308 15 106075 16 106842 16 107609 16 108377 15 109144 15 109911 16 110678 16 111445 16 112213 15 112980 15 113747 16 114514 16 115281 16 116049 15 116816 15 117583 16 118350 16 119117 16 119885 15 120652 15 121419 16 122186 16 122953 16 123721 15 124488 15 125255 15 126022 15 126789 16 127557 15 128324 15 129091 15 129858 15 130625 15 131393 14 132160 14 132927 15 133694 15 134461 15 135229 14 135996 14 136763 14 137532 12 138301 11 139071 8 139840 6 140609 4 141379 1
0a1a58833.jpg,58529 1 59296 3 60063 6 60830 8 61598 9 62365 11 63132 13 63899 16 64666 18 65433 20 66200 22 66968 24 67735 26 68502 28 69269 30 70036 32 70803 35 71570 37 72338 38 73105 38 73872 38 74639 38 75406 39 76173 39 76940 39 77708 38 78475 38 79242 38 80009 38 80776 39 81543 39 82310 39 83077 39 83845 38 84612 38 85379 39 86146 39 86913 39 87680 39 88447 39 89215 38 89982 38 90749 39 91516 39 92283 39 93050 39 93817 39 94585 38 95352 38 96119 39 96886 39 97653 39 98420 39 99187 39 99955 38 100722 38 101489 39 102256 39 103023 39 103790 39 104557 39 105325 38 106092 38 106859 39 107626 39 108393 39 109160 39 109927 39 110695 38 111462 39 112229 39 112996 39 113763 39 114530 39 115297 39 116065 38 116832 39 117599 39 118366 39 119133 39 119900 39 120667 39 121435 38 122202 39 122969 39 123736 39 124503 39 125271 38 126038 38 126805 38 127572 39 128339 39 129107 38 129874 38 130641 38 131408 38 132175 39 132943 38 133710 38 134477 38 135244 38 136011 38 136779 37 137546 38 138313 38 139080 38 139847 38 140615 37 141382 37 142147 1 142149 37 142914 40 143682 39 144449 39 145216 39 145983 39 146750 39 147517 39 148284 40 149052 39 149819 39 150586 39 151353 39 152122 37 152891 35 153660 34 154430 31 155199 29 155968 27 156737 25 157506 23 158275 22 159045 19 159814 17 160583 15 161352 13 162121 11 162890 9 163659 8 164429 5 165198 3 165967 1
0a1b7d6ec.jpg,170930 6 171698 11 172466 11 173233 12 174001 11 174769 11 175537 11 176305 11 177073 11 177840 12 178608 11 179376 11 180144 11 180912 11 181679 12 182447 11 183215 11 183983 11 184751 11 185518 12 186286 12 187054 11 187822 11 188590 11 189358 11 190125 12 190893 11 191661 11 192429 11 193197 11 193964 12 194732 12 195500 11 196271 8 197044 3
